<?xml version="1.0" encoding="UTF-8"?>
<metadata xml:lang="en"><Esri><CreaDate>20201201</CreaDate><CreaTime>00300200</CreaTime><ArcGISFormat>1.0</ArcGISFormat><SyncOnce>FALSE</SyncOnce><DataProperties><itemProps><itemName Sync="TRUE">KEN_May_Urban_Areas_Merge6</itemName><imsContentType Sync="TRUE">002</imsContentType><itemLocation><linkage Sync="TRUE">file://\\KENBO-LT0209\C$\Users\EMumo\Documents\ArcGIS\Default.gdb</linkage><protocol Sync="TRUE">Local Area Network</protocol></itemLocation></itemProps><coordRef><type Sync="TRUE">Geographic</type><geogcsn Sync="TRUE">GCS_WGS_1984</geogcsn><csUnits Sync="TRUE">Angular Unit: Degree (0.017453)</csUnits><peXml Sync="TRUE">&lt;GeographicCoordinateSystem xsi:type='typens:GeographicCoordinateSystem' xmlns:xsi='http://www.w3.org/2001/XMLSchema-instance' xmlns:xs='http://www.w3.org/2001/XMLSchema' xmlns:typens='http://www.esri.com/schemas/ArcGIS/10.5'&gt;&lt;WKT&gt;GEOGCS[&amp;quot;GCS_WGS_1984&amp;quot;,DATUM[&amp;quot;D_WGS_1984&amp;quot;,SPHEROID[&amp;quot;WGS_1984&amp;quot;,6378137.0,298.257223563]],PRIMEM[&amp;quot;Greenwich&amp;quot;,0.0],UNIT[&amp;quot;Degree&amp;quot;,0.0174532925199433],AUTHORITY[&amp;quot;EPSG&amp;quot;,4326]],VERTCS[&amp;quot;EGM96_Geoid&amp;quot;,VDATUM[&amp;quot;EGM96_Geoid&amp;quot;],PARAMETER[&amp;quot;Vertical_Shift&amp;quot;,0.0],PARAMETER[&amp;quot;Direction&amp;quot;,1.0],UNIT[&amp;quot;Meter&amp;quot;,1.0],AUTHORITY[&amp;quot;EPSG&amp;quot;,5773]]&lt;/WKT&gt;&lt;XOrigin&gt;-400&lt;/XOrigin&gt;&lt;YOrigin&gt;-400&lt;/YOrigin&gt;&lt;XYScale&gt;1111948722.2222221&lt;/XYScale&gt;&lt;ZOrigin&gt;-100000&lt;/ZOrigin&gt;&lt;ZScale&gt;10000&lt;/ZScale&gt;&lt;MOrigin&gt;-100000&lt;/MOrigin&gt;&lt;MScale&gt;10000&lt;/MScale&gt;&lt;XYTolerance&gt;8.983152841195215e-009&lt;/XYTolerance&gt;&lt;ZTolerance&gt;0.001&lt;/ZTolerance&gt;&lt;MTolerance&gt;0.001&lt;/MTolerance&gt;&lt;HighPrecision&gt;true&lt;/HighPrecision&gt;&lt;LeftLongitude&gt;-180&lt;/LeftLongitude&gt;&lt;WKID&gt;4326&lt;/WKID&gt;&lt;LatestWKID&gt;4326&lt;/LatestWKID&gt;&lt;VCSWKID&gt;5773&lt;/VCSWKID&gt;&lt;LatestVCSWKID&gt;5773&lt;/LatestVCSWKID&gt;&lt;/GeographicCoordinateSystem&gt;</peXml></coordRef><lineage><Process ToolSource="c:\program files (x86)\arcgis\desktop10.5\ArcToolbox\Toolboxes\Data Management Tools.tbx\Merge" Date="20200512" Time="141404">Merge Western_Urban;'KEN_May_Urban Areas' C:\Users\EMumo\Documents\ArcGIS\Default.gdb\Western_Urban_Merge "OID_ "OID_" true true false 10 Long 0 10 ,First,#,Western_Urban,OID_,-1,-1;Name "Name" true true false 254 Text 0 0 ,First,#,Western_Urban,Name,-1,-1,KEN_May_Urban Areas,Name,-1,-1;Shape_Leng "Shape_Leng" true true false 19 Double 0 0 ,First,#,KEN_May_Urban Areas,Shape_Leng,-1,-1;Shape_Area "Shape_Area" true true false 19 Double 0 0 ,First,#,KEN_May_Urban Areas,Shape_Area,-1,-1"</Process><Process ToolSource="c:\program files (x86)\arcgis\desktop10.5\ArcToolbox\Toolboxes\Data Management Tools.tbx\Merge" Date="20200513" Time="175539">Merge KEN_May_Urban_Areas;Urban_Central C:\Users\EMumo\Documents\ArcGIS\Default.gdb\KEN_May_Urban_Areas_Merge1 "OBJECTID "OBJECTID" true true false 10 Long 0 10 ,First,#,KEN_May_Urban_Areas,OBJECTID,-1,-1;Name "Name" true true false 254 Text 0 0 ,First,#,KEN_May_Urban_Areas,Name,-1,-1,Urban_Central,Name,-1,-1;Shape_Le_1 "Shape_Le_1" true true false 19 Double 0 0 ,First,#,KEN_May_Urban_Areas,Shape_Le_1,-1,-1;Shape_Area "Shape_Area" true true false 19 Double 0 0 ,First,#,KEN_May_Urban_Areas,Shape_Area,-1,-1,Urban_Central,Shape_Area,-1,-1;Shape_Leng "Shape_Leng" true true false 19 Double 0 0 ,First,#,Urban_Central,Shape_Leng,-1,-1"</Process><Process ToolSource="c:\program files (x86)\arcgis\desktop10.5\ArcToolbox\Toolboxes\Data Management Tools.tbx\Merge" Date="20200520" Time="184533">Merge KEN_May_Urban_Areas;Urban_Mt_Kenya C:\Users\EMumo\Documents\ArcGIS\Default.gdb\KEN_May_Urban_Areas_Merge2 "Name "Name" true true false 254 Text 0 0 ,First,#,KEN_May_Urban_Areas,Name,-1,-1,Urban_Mt_Kenya,Name,-1,-1;Shape_Leng "Shape_Leng" true true false 19 Double 0 0 ,First,#,KEN_May_Urban_Areas,Shape_Leng,-1,-1,Urban_Mt_Kenya,Shape_Leng,-1,-1;Shape_Area "Shape_Area" true true false 19 Double 0 0 ,First,#,KEN_May_Urban_Areas,Shape_Area,-1,-1,Urban_Mt_Kenya,Shape_Area,-1,-1;OID_ "OID_" true true false 10 Long 0 10 ,First,#,Urban_Mt_Kenya,OID_,-1,-1;FolderPath "FolderPath" true true false 254 Text 0 0 ,First,#,Urban_Mt_Kenya,FolderPath,-1,-1;SymbolID "SymbolID" true true false 10 Long 0 10 ,First,#,Urban_Mt_Kenya,SymbolID,-1,-1;AltMode "AltMode" true true false 5 Long 0 5 ,First,#,Urban_Mt_Kenya,AltMode,-1,-1;Base "Base" true true false 19 Double 0 0 ,First,#,Urban_Mt_Kenya,Base,-1,-1;Clamped "Clamped" true true false 5 Long 0 5 ,First,#,Urban_Mt_Kenya,Clamped,-1,-1;Extruded "Extruded" true true false 5 Long 0 5 ,First,#,Urban_Mt_Kenya,Extruded,-1,-1;Snippet "Snippet" true true false 254 Text 0 0 ,First,#,Urban_Mt_Kenya,Snippet,-1,-1;PopupInfo "PopupInfo" true true false 254 Text 0 0 ,First,#,Urban_Mt_Kenya,PopupInfo,-1,-1"</Process><Process ToolSource="c:\program files (x86)\arcgis\desktop10.5\ArcToolbox\Toolboxes\Data Management Tools.tbx\Merge" Date="20200520" Time="191509">Merge KEN_May_Urban_Areas;other C:\Users\EMumo\Documents\ArcGIS\Default.gdb\KEN_May_Urban_Areas_Merge3 "Name "Name" true true false 254 Text 0 0 ,First,#,KEN_May_Urban_Areas,Name,-1,-1,other,Name,-1,-1;Shape_Leng "Shape_Leng" true true false 19 Double 0 0 ,First,#,KEN_May_Urban_Areas,Shape_Leng,-1,-1,other,Shape_Leng,-1,-1;Shape_Area "Shape_Area" true true false 19 Double 0 0 ,First,#,KEN_May_Urban_Areas,Shape_Area,-1,-1,other,Shape_Area,-1,-1;OID_ "OID_" true true false 10 Long 0 10 ,First,#,other,OID_,-1,-1;FolderPath "FolderPath" true true false 254 Text 0 0 ,First,#,other,FolderPath,-1,-1;SymbolID "SymbolID" true true false 10 Long 0 10 ,First,#,other,SymbolID,-1,-1;AltMode "AltMode" true true false 5 Long 0 5 ,First,#,other,AltMode,-1,-1;Base "Base" true true false 19 Double 0 0 ,First,#,other,Base,-1,-1;Clamped "Clamped" true true false 5 Long 0 5 ,First,#,other,Clamped,-1,-1;Extruded "Extruded" true true false 5 Long 0 5 ,First,#,other,Extruded,-1,-1;Snippet "Snippet" true true false 254 Text 0 0 ,First,#,other,Snippet,-1,-1;PopupInfo "PopupInfo" true true false 254 Text 0 0 ,First,#,other,PopupInfo,-1,-1"</Process><Process ToolSource="c:\program files (x86)\arcgis\desktop10.5\ArcToolbox\Toolboxes\Data Management Tools.tbx\Merge" Date="20200601" Time="223340">Merge Export_Output;Nairobi_UA C:\Users\EMumo\Documents\ArcGIS\Default.gdb\Export_Output_Merge "Name "Name" true true false 254 Text 0 0 ,First,#,Export_Output,Name,-1,-1,Nairobi_UA,Name,-1,-1;Shape_Leng "Shape_Leng" true true false 19 Double 0 0 ,First,#,Export_Output,Shape_Leng,-1,-1,Nairobi_UA,Shape_Leng,-1,-1;Shape_Area "Shape_Area" true true false 19 Double 0 0 ,First,#,Export_Output,Shape_Area,-1,-1,Nairobi_UA,Shape_Area,-1,-1;OID_ "OID_" true true false 10 Long 0 10 ,First,#,Nairobi_UA,OID_,-1,-1"</Process><Process ToolSource="c:\program files (x86)\arcgis\desktop10.5\ArcToolbox\Toolboxes\Data Management Tools.tbx\Merge" Date="20200602" Time="092448">Merge KEN_May_Urban_Areas;Mombasa_UA C:\Users\EMumo\Documents\ArcGIS\Default.gdb\KEN_May_Urban_Areas_Merge6 "OBJECTID "OBJECTID" true true false 10 Long 0 10 ,First,#,KEN_May_Urban_Areas,OBJECTID,-1,-1;Name "Name" true true false 254 Text 0 0 ,First,#,KEN_May_Urban_Areas,Name,-1,-1,Mombasa_UA,Name,-1,-1;Shape_Leng "Shape_Leng" true true false 19 Double 0 0 ,First,#,KEN_May_Urban_Areas,Shape_Leng,-1,-1,Mombasa_UA,Shape_Leng,-1,-1;Shape_Area "Shape_Area" true true false 19 Double 0 0 ,First,#,KEN_May_Urban_Areas,Shape_Area,-1,-1,Mombasa_UA,Shape_Area,-1,-1"</Process></lineage></DataProperties><SyncDate>20200602</SyncDate><SyncTime>09244600</SyncTime><ModDate>20200602</ModDate><ModTime>09244600</ModTime></Esri><dataIdInfo><envirDesc Sync="TRUE"> Version 6.2 (Build 9200) ; Esri ArcGIS 10.5.0.6491</envirDesc><dataLang><languageCode value="eng" Sync="TRUE"></languageCode><countryCode value="USA" Sync="TRUE"></countryCode></dataLang><idCitation><resTitle Sync="TRUE">KEN_May_Urban_Areas_Merge6</resTitle><presForm><PresFormCd value="005" Sync="TRUE"></PresFormCd></presForm></idCitation><spatRpType><SpatRepTypCd value="001" Sync="TRUE"></SpatRepTypCd></spatRpType></dataIdInfo><mdLang><languageCode value="eng" Sync="TRUE"></languageCode><countryCode value="USA" Sync="TRUE"></countryCode></mdLang><distInfo><distFormat><formatName Sync="TRUE">File Geodatabase Feature Class</formatName></distFormat></distInfo><mdHrLv><ScopeCd value="005" Sync="TRUE"></ScopeCd></mdHrLv><mdHrLvName Sync="TRUE">dataset</mdHrLvName><refSysInfo><RefSystem><refSysID><identCode code="4326" Sync="TRUE"></identCode><idCodeSpace Sync="TRUE">EPSG</idCodeSpace><idVersion Sync="TRUE">6.14(3.0.1)</idVersion></refSysID></RefSystem></refSysInfo><spatRepInfo><VectSpatRep><geometObjs Name="KEN_May_Urban_Areas_Merge6"><geoObjTyp><GeoObjTypCd value="002" Sync="TRUE"></GeoObjTypCd></geoObjTyp><geoObjCnt Sync="TRUE">0</geoObjCnt></geometObjs><topLvl><TopoLevCd value="001" Sync="TRUE"></TopoLevCd></topLvl></VectSpatRep></spatRepInfo><spdoinfo><ptvctinf><esriterm Name="KEN_May_Urban_Areas_Merge6"><efeatyp Sync="TRUE">Simple</efeatyp><efeageom code="4" Sync="TRUE"></efeageom><esritopo Sync="TRUE">FALSE</esritopo><efeacnt Sync="TRUE">0</efeacnt><spindex Sync="TRUE">TRUE</spindex><linrefer Sync="TRUE">TRUE</linrefer></esriterm></ptvctinf></spdoinfo><eainfo><detailed Name="KEN_May_Urban_Areas_Merge6"><enttyp><enttypl Sync="TRUE">KEN_May_Urban_Areas_Merge6</enttypl><enttypt Sync="TRUE">Feature Class</enttypt><enttypc Sync="TRUE">0</enttypc></enttyp><attr><attrlabl Sync="TRUE">OBJECTID_1</attrlabl><attalias Sync="TRUE">OBJECTID_1</attalias><attrtype Sync="TRUE">OID</attrtype><attwidth Sync="TRUE">4</attwidth><atprecis Sync="TRUE">0</atprecis><attscale Sync="TRUE">0</attscale><attrdef Sync="TRUE">Internal feature number.</attrdef><attrdefs Sync="TRUE">Esri</attrdefs><attrdomv><udom Sync="TRUE">Sequential unique whole numbers that are automatically generated.</udom></attrdomv></attr><attr><attrlabl Sync="TRUE">OBJECTID</attrlabl><attalias Sync="TRUE">OBJECTID</attalias><attrtype Sync="TRUE">Integer</attrtype><attwidth Sync="TRUE">4</attwidth><atprecis Sync="TRUE">0</atprecis><attscale Sync="TRUE">0</attscale><attrdef Sync="TRUE">Internal feature number.</attrdef><attrdefs Sync="TRUE">Esri</attrdefs><attrdomv><udom Sync="TRUE">Sequential unique whole numbers that are automatically generated.</udom></attrdomv></attr><attr><attrlabl Sync="TRUE">Shape</attrlabl><attalias Sync="TRUE">Shape</attalias><attrtype Sync="TRUE">Geometry</attrtype><attwidth Sync="TRUE">0</attwidth><atprecis Sync="TRUE">0</atprecis><attscale Sync="TRUE">0</attscale><attrdef Sync="TRUE">Feature geometry.</attrdef><attrdefs Sync="TRUE">Esri</attrdefs><attrdomv><udom Sync="TRUE">Coordinates defining the features.</udom></attrdomv></attr><attr><attrlabl Sync="TRUE">Name</attrlabl><attalias Sync="TRUE">Name</attalias><attrtype Sync="TRUE">String</attrtype><attwidth Sync="TRUE">254</attwidth><atprecis Sync="TRUE">0</atprecis><attscale Sync="TRUE">0</attscale></attr><attr><attrlabl Sync="TRUE">Shape_Leng</attrlabl><attalias Sync="TRUE">Shape_Leng</attalias><attrtype Sync="TRUE">Double</attrtype><attwidth Sync="TRUE">8</attwidth><atprecis Sync="TRUE">0</atprecis><attscale Sync="TRUE">0</attscale></attr><attr><attrlabl Sync="TRUE">Shape_Length</attrlabl><attalias Sync="TRUE">Shape_Length</attalias><attrtype Sync="TRUE">Double</attrtype><attwidth Sync="TRUE">8</attwidth><atprecis Sync="TRUE">0</atprecis><attscale Sync="TRUE">0</attscale><attrdef Sync="TRUE">Length of feature in internal units.</attrdef><attrdefs Sync="TRUE">Esri</attrdefs><attrdomv><udom Sync="TRUE">Positive real numbers that are automatically generated.</udom></attrdomv></attr><attr><attrlabl Sync="TRUE">Shape_Area</attrlabl><attalias Sync="TRUE">Shape_Area</attalias><attrtype Sync="TRUE">Double</attrtype><attwidth Sync="TRUE">8</attwidth><atprecis Sync="TRUE">0</atprecis><attscale Sync="TRUE">0</attscale><attrdef Sync="TRUE">Area of feature in internal units squared.</attrdef><attrdefs Sync="TRUE">Esri</attrdefs><attrdomv><udom Sync="TRUE">Positive real numbers that are automatically generated.</udom></attrdomv></attr></detailed></eainfo><mdDateSt Sync="TRUE">20200602</mdDateSt></metadata>
